{"pid": 0, "n": 3, "multicasts": 1, "total_rounds": 8, "round_times_ms": [236.93091600216576, 265.2816659974633, 76.42145899808384, 53.671249999752035, 86.77658300075564, 53.2963750010822, 53.28070799805573, 53.06762500185869]}