{"pid": 0, "n": 3, "multicasts": 2, "total_rounds": 6, "round_times_ms": [102.60800000105519, 79.5342499986873, 169.09237499930896, 53.281582997442456, 54.231000001891516, 52.47087499810732]}