{"pid": 0, "n": 3, "multicasts": 1, "total_rounds": 5, "round_times_ms": [52.634667001257185, 96.48104100051569, 78.212792002887, 166.64420899905963, 158.4407909977017]}